fleet_vehicle_id,fleet_id,cycle_number,created_at,retired_at
9067,16215,8665,2023-06-01 12:27:15.0,
9068,16215,4355,2023-06-01 13:06:10.0,
8574869 Sun Coast ,92662,13888,2023-06-01 13:35:41.0,
224,92673,9784,2023-06-01 14:26:48.0,
8271047,92667,12343,2023-06-01 16:27:12.0,
9571818,83,13890,2023-06-01 18:18:37.0,
8574868 Sun Coast ,92662,13892,2023-06-01 18:32:01.0,
9069,16215,5636,2023-06-01 19:16:42.0,
9071,16215,8655,2023-06-02 13:29:52.0,
496627,92667,13203,2023-06-02 14:33:34.0,
378,92732,13893,2023-06-02 15:03:18.0,
9073,16215,8672,2023-06-02 15:13:17.0,
9070,16215,13896,2023-06-02 16:22:13.0,
8575156 Naegeli,92662,13898,2023-06-02 16:57:59.0,
4775,98,12410,2023-06-03 02:25:12.0,
4775_!JY2674,98,6543,2023-06-03 02:53:36.0,2023-08-09 12:59:07.0
496636,92667,13200,2023-06-05 14:41:04.0,
5654,5457,13922,2023-06-05 15:12:43.0,
9072,16215,13914,2023-06-05 15:23:53.0,
8575157 Naegeli ,92662,13898,2023-06-05 17:28:17.0,
8575157_!644892,92662,13930,2023-06-05 17:49:30.0,2023-06-09 17:16:58.0
453732,92667,13235,2023-06-05 18:17:30.0,
8575160 Naegeli ,92662,13469,2023-06-05 18:46:04.0,
496612,92667,13171,2023-06-05 19:22:19.0,
1166,92723,12177,2023-06-06 13:44:31.0,
9571937,83,13936,2023-06-06 14:35:29.0,
R41312,82,13941,2023-06-06 15:20:36.0,
496637,92667,13201,2023-06-06 15:53:32.0,
8575158 Naegeli ,92662,13774,2023-06-06 16:02:16.0,
BDAPPTEST4,354,2196,2023-06-06 16:40:35.0,
8779,92736,13193,2023-06-06 17:27:56.0,
453787,92667,12137,2023-06-06 18:04:16.0,
9075,16215,8680,2023-06-06 20:07:09.0,
9074,16215,13969,2023-06-06 20:11:21.0,
8575161 Naegeli ,92662,13774,2023-06-07 12:56:39.0,
8575161_!644896,92662,13700,2023-06-07 13:07:09.0,2023-06-09 17:16:52.0
9571910,83,13861,2023-06-07 13:44:14.0,
9077,16215,13971,2023-06-07 16:37:47.0,
9076,16215,8671,2023-06-07 16:39:06.0,
9078,16215,13970,2023-06-07 16:48:31.0,
8575126 KP Petro ,92662,13834,2023-06-07 17:48:44.0,
8271025,92667,12489,2023-06-07 18:20:49.0,
496610,92667,13204,2023-06-07 18:32:55.0,
5687,5457,13973,2023-06-07 19:03:41.0,
9571905,83,13853,2023-06-08 12:45:56.0,
9080,16215,13976,2023-06-08 14:13:30.0,
9079,16215,13977,2023-06-08 14:18:50.0,
3045,59235,13934,2023-06-08 14:37:24.0,
8575125  KP Petro ,92662,13837,2023-06-08 18:27:26.0,
250407,92706,11764,2023-06-08 18:46:57.0,
9020,16215,14001,2023-06-09 16:33:54.0,
5699,5457,13645,2023-06-09 18:21:11.0,
8575138 Hassel ,92662,13836,2023-06-09 19:00:18.0,
9571820,83,13859,2023-06-09 20:14:10.0,
9063,16215,14003,2023-06-09 20:44:53.0,
8575139 Hassel ,92662,13860,2023-06-10 18:24:11.0,
1461427,92666,12209,2023-06-12 14:55:42.0,
496560,92667,12940,2023-06-12 16:35:22.0,
9064,16215,8649,2023-06-12 16:36:48.0,
236726,92705,11634,2023-06-13 14:10:25.0,
8575130 Hassel ,92662,13847,2023-06-13 17:19:10.0,
5700,5457,14058,2023-06-13 18:36:15.0,
496613,92667,13949,2023-06-14 14:27:39.0,
8575142 Hassel ,92662,14081,2023-06-14 15:23:47.0,
5737,5457,8291,2023-06-14 16:36:33.0,
94015,92711,13591,2023-06-14 21:19:00.0,
QAVOLTEST,92743,13526,2023-06-15 10:33:41.0,2023-07-11 12:32:18.0
1461426,92666,12235,2023-06-15 12:11:54.0,
8575217 EMR,92662,14084,2023-06-15 12:45:09.0,
605,92734,13579,2023-06-15 14:08:55.0,
TEST,98,11413,2023-06-15 15:15:11.0,
20028,16215,8725,2023-06-15 15:29:44.0,
496614,92667,13957,2023-06-15 18:58:25.0,
8575118 Rental ,92662,12542,2023-06-15 20:26:24.0,
990080VOLTEST,92743,13526,2023-06-16 06:44:55.0,2023-07-21 10:00:44.0
20035,16215,8708,2023-06-16 13:54:08.0,
813623,92664,13965,2023-06-16 14:37:08.0,
684,92654,9285,2023-06-16 15:35:04.0,
603,92734,13458,2023-06-16 15:47:51.0,
9065,16215,8660,2023-06-16 16:04:46.0,
604,92734,13511,2023-06-16 16:21:40.0,
1461428,92666,14006,2023-06-16 16:43:53.0,
9571931,83,13857,2023-06-16 18:01:37.0,
9571901,83,13845,2023-06-16 20:07:06.0,
2207,92732,12950,2023-06-16 22:07:12.0,
5689,5457,14096,2023-06-19 12:09:42.0,
8575122 Rental ,92662,13933,2023-06-19 13:30:43.0,
8575123 Rental ,92662,13823,2023-06-19 15:21:52.0,
1461429,92666,14021,2023-06-19 15:23:37.0,
250,92673,13874,2023-06-19 16:14:46.0,
9083,16215,4757,2023-06-19 19:44:05.0,
7953,92716,12247,2023-06-19 20:05:33.0,
39098,0,13991,2023-06-20 11:29:25.0,2023-09-01 13:53:45.0
8575132 Apollo,92662,13919,2023-06-20 12:15:38.0,
602,92734,13578,2023-06-20 13:41:08.0,
434,92749,13707,2023-06-20 15:51:28.0,
TEST2006,92698,14125,2023-06-20 15:55:18.0,2023-07-04 07:08:48.0
TESTDFA,92698,14125,2023-06-20 15:55:25.0,2023-06-20 19:17:20.0
NEW07,0,14125,2023-06-20 15:55:34.0,2023-08-28 11:17:01.0
9571911,83,13862,2023-06-20 16:02:28.0,
9084,16215,5268,2023-06-20 16:45:34.0,
8575167 Naegeli ,92662,13913,2023-06-20 18:34:21.0,
452,92749,13699,2023-06-20 18:40:35.0,
9085,16215,5638,2023-06-20 19:25:26.0,
453769_!870437,92667,11519,2023-06-20 20:42:50.0,
161,92723,9817,2023-06-20 20:46:43.0,
355,92701,14048,2023-06-20 22:21:37.0,
5688,5457,14143,2023-06-21 12:28:31.0,
9086,16215,4299,2023-06-21 13:23:54.0,
1461430,92666,14013,2023-06-21 13:31:14.0,
9087,16215,14144,2023-06-21 14:26:24.0,
453741,92667,9963,2023-06-21 15:02:35.0,
8574396,92750,13436,2023-06-21 16:07:22.0,
9088,16215,5322,2023-06-21 16:15:49.0,
313,92701,14069,2023-06-21 19:15:48.0,
9090,16215,8648,2023-06-21 19:27:43.0,
446,92607,11995,2023-06-22 12:02:10.0,
3040,59235,11870,2023-06-22 12:55:35.0,
5653,5457,14177,2023-06-22 13:25:40.0,
9092,16215,8714,2023-06-22 13:30:52.0,
8575154 Naegeli,92662,13915,2023-06-22 13:56:36.0,
9091,16215,8705,2023-06-22 14:09:46.0,
9093,16215,8658,2023-06-22 16:36:51.0,
368,92732,13911,2023-06-22 17:07:33.0,
5671,5457,12879,2023-06-22 17:45:33.0,
9094,16215,5732,2023-06-22 19:39:55.0,
CC1310QA,92743,4789,2023-06-23 06:27:28.0,2023-06-29 07:15:06.0
8575163 Naegeli,92662,13924,2023-06-23 13:37:24.0,
9095,16215,5738,2023-06-23 13:52:32.0,
453740,92667,9954,2023-06-23 14:31:14.0,
9097,16215,14232,2023-06-23 15:54:24.0,
PRIUS,354,10794,2023-06-23 17:32:21.0,
5655,5457,14236,2023-06-23 18:18:36.0,
450,92749,13705,2023-06-23 18:22:51.0,
20026,16215,14259,2023-06-23 20:25:01.0,
310,92732,13953,2023-06-23 22:43:27.0,
8575162 Naegeli ,92662,13935,2023-06-24 13:51:57.0,
312,92732,13956,2023-06-24 18:13:13.0,
8575164 Naegeli ,92662,13735,2023-06-24 19:15:46.0,
384,92732,13909,2023-06-24 21:34:03.0,
2310,92732,13951,2023-06-25 14:53:54.0,
20031,16215,14254,2023-06-26 11:38:43.0,
496624,92667,13960,2023-06-26 14:52:00.0,
9082,16215,8668,2023-06-26 15:06:12.0,
9096,16215,5635,2023-06-26 19:17:08.0,
1461400,92666,14008,2023-06-26 23:52:17.0,
5734,5457,8301,2023-06-27 12:46:00.0,
9098,16215,14382,2023-06-27 14:16:43.0,
9099,16215,5135,2023-06-27 14:28:31.0,
9571939,83,14034,2023-06-27 15:55:12.0,
8575165 Naegeli,92662,13918,2023-06-27 16:05:44.0,
248153,35063,3693,2023-06-27 16:16:40.0,
94014,92711,13592,2023-06-27 19:29:28.0,
248220,35063,4850,2023-06-27 19:32:35.0,
9571938,83,14039,2023-06-27 20:10:15.0,
9101,16215,14473,2023-06-28 14:48:25.0,
248159,35063,4854,2023-06-28 15:05:19.0,
8575166 Naegeli ,92662,13826,2023-06-28 16:28:06.0,
8575067 PV Fluids ,92662,12513,2023-06-28 17:22:15.0,
248217,35063,4848,2023-06-28 18:44:29.0,
235505,35063,4381,2023-06-28 20:09:29.0,
9102,16215,5181,2023-06-28 20:11:51.0,
369,92701,14044,2023-06-28 21:21:23.0,
313,92732,13947,2023-06-28 22:52:39.0,
QA24,92743,4789,2023-06-29 11:03:16.0,2023-07-11 12:32:27.0
448,92749,13702,2023-06-29 12:51:10.0,
5698,5457,14548,2023-06-29 14:04:07.0,
9107,16215,14551,2023-06-29 14:10:22.0,
9106,16215,14544,2023-06-29 14:12:50.0,
8575030 S. Texas Brick ,92662,13829,2023-06-29 14:41:24.0,
436,92749,13706,2023-06-29 15:59:29.0,
632,92751,14012,2023-06-29 17:39:09.0,
8575032 S. Texas Brick ,92662,13842,2023-06-29 19:09:56.0,
625,92751,14042,2023-06-29 19:51:37.0,
9104,16215,4243,2023-06-29 20:10:14.0,
9109,16215,5632,2023-06-30 13:33:06.0,
9110,16215,5640,2023-06-30 14:56:21.0,
442,92749,13701,2023-06-30 15:36:32.0,
5652,5457,13644,2023-06-30 16:04:40.0,
7103,92732,13920,2023-06-30 18:51:03.0,
359,92701,14018,2023-06-30 21:58:27.0,
9112,16215,8724,2023-07-03 14:23:50.0,
9108,16215,14677,2023-07-03 14:49:21.0,
5656,5457,14678,2023-07-03 15:24:13.0,
3051,59235,5715,2023-07-03 16:08:05.0,
162,92723,12183,2023-07-03 18:53:15.0,
351,92701,14059,2023-07-03 21:48:04.0,
PROD1,92698,10645,2023-07-04 07:20:21.0,2023-07-20 13:19:48.0
TEST0704,92698,14125,2023-07-04 07:26:19.0,2023-08-23 08:55:22.0
432,92749,13708,2023-07-04 14:45:31.0,
438,92749,13846,2023-07-05 12:53:59.0,
9011,16215,14681,2023-07-05 13:51:27.0,
8575031 S. Texas Brick ,92662,13925,2023-07-05 16:20:39.0,
9571906,83,14031,2023-07-05 16:40:40.0,
9114,16215,3274,2023-07-05 19:13:44.0,
9115,16215,5202,2023-07-05 19:35:25.0,
9113,16215,14694,2023-07-06 13:41:39.0,
5661,5457,12862,2023-07-06 15:47:22.0,
496638,92667,13967,2023-07-06 18:18:24.0,
1461416,92666,14020,2023-07-06 18:38:12.0,
8271021,92667,13785,2023-07-06 21:30:10.0,
377,92701,14068,2023-07-06 22:00:15.0,
QA2402VOLAB,92743,4789,2023-07-07 09:24:43.0,2023-07-11 12:32:11.0
8575065 Triple S ,92662,13928,2023-07-07 13:25:36.0,
9571964,83,14028,2023-07-07 15:49:58.0,
9571963,83,14033,2023-07-07 16:19:39.0,
272551,92666,12764,2023-07-07 17:15:51.0,
230,92673,13873,2023-07-07 18:56:15.0,
4039,59235,12555,2023-07-10 13:54:19.0,
227305,35063,4762,2023-07-10 16:14:34.0,
496642,92667,13964,2023-07-10 16:57:04.0,
303,92701,14049,2023-07-10 17:53:09.0,
VOLAB324QA,92743,4789,2023-07-11 13:49:12.0,2023-07-21 10:00:10.0
218777,63808,14744,2023-07-11 13:57:20.0,
9571806,83,14036,2023-07-11 14:28:58.0,
R41634,82,2750,2023-07-11 21:31:15.0,
R41256,82,2726,2023-07-11 22:31:27.0,
9571900,83,14035,2023-07-12 14:03:30.0,
8575145 Rental,92662,13902,2023-07-12 15:29:54.0,
8271071,92667,14460,2023-07-12 17:50:46.0,
1461417,92666,14019,2023-07-12 18:21:46.0,
7011,92622,11503,2023-07-12 19:38:52.0,
R41618,82,2730,2023-07-12 20:34:40.0,
9571605,83,11435,2023-07-12 21:06:56.0,
VOLTESTPROD51,92743,4344,2023-07-13 07:12:56.0,2023-07-19 12:21:09.0
218766,63808,14750,2023-07-13 10:19:12.0,
5665,5457,14752,2023-07-13 16:12:39.0,
9751903,83,13855,2023-07-13 16:23:43.0,
F009,92708,11668,2023-07-13 17:19:36.0,
R41632,82,2721,2023-07-13 20:31:02.0,
8575146  Rental ,92662,13926,2023-07-14 14:20:50.0,
5677,5457,14385,2023-07-14 15:57:43.0,
RICHARD,354,12285,2023-07-14 17:52:07.0,
8574958 Agile ,92662,12464,2023-07-14 18:26:19.0,
F005,92708,11660,2023-07-14 18:33:11.0,
5175,92732,13954,2023-07-14 21:21:18.0,
383,92701,14073,2023-07-14 21:37:23.0,
94017,92711,13573,2023-07-15 19:03:49.0,
R41630,82,2625,2023-07-16 19:28:12.0,
R41248,82,2742,2023-07-16 22:54:56.0,
1282,86427,6218,2023-07-17 15:12:31.0,
9116,16215,2896,2023-07-18 15:07:54.0,
F007,92708,11665,2023-07-18 16:45:01.0,
496639,92667,13961,2023-07-18 17:03:40.0,
1279,86427,6224,2023-07-18 20:09:28.0,
"Rental, 243950, UP2226",92752,14104,2023-07-18 20:40:53.0,
8271072,92667,14458,2023-07-19 17:25:54.0,
"Rental, 243487, UP2225",92752,13648,2023-07-19 18:21:34.0,
1283,86427,6238,2023-07-19 19:28:19.0,
9118,16215,2593,2023-07-19 19:41:48.0,
248154,35063,3400,2023-07-19 19:44:57.0,
STAGINGVOLAB,92743,4789,2023-07-20 12:11:49.0,2023-07-20 12:55:42.0
9571958,92662,14712,2023-07-20 12:23:19.0,
5662,5457,14555,2023-07-20 12:42:25.0,
2676,358,10645,2023-07-20 13:18:16.0,
PROD7582,92698,10645,2023-07-20 13:19:03.0,2023-08-23 08:47:29.0
9571904,83,14707,2023-07-20 14:04:49.0,
11554,92746,14584,2023-07-20 15:44:45.0,
Rental,92752,13655,2023-07-20 16:07:27.0,
236737,92755,11570,2023-07-20 16:35:00.0,
5177,92732,13908,2023-07-20 17:24:34.0,
10072,92746,14467,2023-07-20 19:20:16.0,
9571912,83,14684,2023-07-20 19:41:25.0,
94016,92711,13593,2023-07-20 20:08:16.0,
117415,92667,13446,2023-07-20 20:12:18.0,
9121,16215,3273,2023-07-20 21:00:11.0,
11558,92746,14597,2023-07-20 21:10:26.0,
990051VOLPROD,92743,4344,2023-07-21 07:24:14.0,2023-07-21 10:01:04.0
990024VOLPROD,92743,4789,2023-07-21 09:16:16.0,2023-07-21 09:51:25.0
990024PROD,92743,4789,2023-07-21 10:35:39.0,2023-12-07 06:38:16.0
9122,16215,2513,2023-07-21 11:06:51.0,
Rental UP2515,92752,14905,2023-07-21 13:29:54.0,
11652,92746,14598,2023-07-21 14:01:07.0,
9100,16215,2429,2023-07-21 15:31:24.0,
10896,92746,14600,2023-07-21 17:27:18.0,
8575144 Rental,92662,13901,2023-07-21 18:24:49.0,
8271074,92667,14706,2023-07-21 18:59:56.0,
495230,92667,12123,2023-07-21 19:39:52.0,
9105,16215,2670,2023-07-21 20:51:19.0,
1491136,92666,12054,2023-07-21 21:20:36.0,
8271073,92667,14708,2023-07-21 21:52:22.0,
5181,92732,13917,2023-07-22 16:46:27.0,
9571957,92662,14714,2023-07-24 13:55:09.0,
9117,16215,4267,2023-07-24 16:43:33.0,
9571902,83,14731,2023-07-24 17:51:43.0,
63151,92746,14619,2023-07-24 18:07:20.0,
9119,16215,8664,2023-07-24 20:24:55.0,
453790,92667,13241,2023-07-25 13:10:40.0,
5678,5457,14441,2023-07-25 15:37:48.0,
9120,16215,5330,2023-07-25 16:13:06.0,
9571907,83,14700,2023-07-25 17:01:15.0,
11192,92746,14605,2023-07-25 17:33:57.0,
9123,16215,5637,2023-07-25 17:58:39.0,
1280,86427,15021,2023-07-25 19:07:08.0,
381,92701,13430,2023-07-25 21:59:49.0,
9126,16215,15096,2023-07-26 18:25:13.0,
9125,16215,8762,2023-07-26 18:32:44.0,
365,92701,13435,2023-07-26 21:57:26.0,
243236,35063,3636,2023-07-27 12:19:23.0,
243234,35063,3332,2023-07-27 12:51:16.0,
8575248 Mansfield ,92662,13916,2023-07-27 15:25:22.0,
9128,16215,8673,2023-07-27 19:03:48.0,
8574963 Spring Creek ,92662,12467,2023-07-27 21:02:57.0,
1281,86427,6294,2023-07-28 12:37:32.0,
9127,16215,8679,2023-07-28 13:37:17.0,
453784,92667,12256,2023-07-28 15:04:50.0,
5178,92732,13869,2023-07-28 16:41:34.0,
8574966 Hardwood Products ,92662,12072,2023-07-28 16:48:20.0,
9571959 Mansfield ,83,13927,2023-07-28 19:07:09.0,
9129,16215,5279,2023-07-28 20:35:41.0,
335,92701,14050,2023-07-28 23:25:59.0,
311,92732,13945,2023-07-29 14:07:31.0,
9155T,92754,14733,2023-07-30 19:52:45.0,
5679,5457,13652,2023-07-31 21:17:36.0,
496541,92667,11513,2023-07-31 21:25:31.0,
8575264 Ferez Holding ,92662,13923,2023-07-31 22:24:01.0,
371,92701,13438,2023-07-31 23:13:27.0,
9130,16215,8643,2023-08-01 15:44:52.0,
447,92607,14022,2023-08-01 15:58:11.0,
8575117 Houston Post ,92662,12533,2023-08-01 16:07:12.0,
264,92626,12759,2023-08-01 16:45:34.0,
64731,92756,14583,2023-08-01 19:19:28.0,
53668,92756,14701,2023-08-01 21:07:39.0,
47392,92756,14594,2023-08-01 23:51:36.0,
10490,92746,14606,2023-08-02 10:06:03.0,
8575220 Old Castle ,92662,13921,2023-08-02 11:25:49.0,
31353,92756,14588,2023-08-02 20:55:05.0,
307,92701,14072,2023-08-02 22:35:44.0,
8575221 Old Castle ,92662,13827,2023-08-03 12:26:10.0,
8643,16215,3276,2023-08-03 13:17:38.0,
218774,63808,8676,2023-08-03 14:29:35.0,
35821,92756,15454,2023-08-03 14:56:16.0,
453797,92667,15453,2023-08-03 15:24:08.0,
20038,92756,14586,2023-08-03 17:21:21.0,
53714,92756,14611,2023-08-03 19:09:17.0,
8575143 Rental ,92662,13831,2023-08-03 19:16:43.0,
389,92701,13439,2023-08-03 21:34:36.0,
20042,92756,14589,2023-08-03 22:33:24.0,
9132,16215,15487,2023-08-04 13:17:50.0,
10910,92746,14610,2023-08-04 13:30:46.0,
80667,92756,14616,2023-08-04 14:57:52.0,
5663,5457,14554,2023-08-04 17:21:55.0,
83567,92756,14623,2023-08-04 17:35:46.0,
10776,92746,14599,2023-08-04 18:47:20.0,
393,92701,14060,2023-08-04 23:29:24.0,
8575209 Rental ,92662,9826,2023-08-05 15:36:48.0,
9133,16215,2497,2023-08-07 14:22:14.0,
53712,92756,14575,2023-08-07 15:14:42.0,
20010,16215,11439,2023-08-07 15:53:34.0,
204796,92756,14615,2023-08-07 19:09:14.0,
990024VOL,92743,4789,2023-08-08 05:34:31.0,2023-12-07 06:38:35.0
5666,5457,14442,2023-08-08 12:14:01.0,
77570,92756,14432,2023-08-08 14:45:24.0,
4053,59235,11417,2023-08-08 15:36:37.0,
1167,92723,12170,2023-08-08 16:54:52.0,
5755,5457,14545,2023-08-08 16:59:37.0,
430,92749,13703,2023-08-08 17:07:01.0,
J23829,92758,15197,2023-08-09 16:14:42.0,
63926,92756,14613,2023-08-09 16:53:50.0,
339,92701,14055,2023-08-09 17:57:48.0,
8575222 Old Castle ,92662,9789,2023-08-09 19:25:54.0,
5475,98,13978,2023-08-09 19:59:22.0,
J24809,92758,15195,2023-08-09 20:06:56.0,
J23839,92758,15192,2023-08-09 20:46:53.0,
49346,92756,15375,2023-08-10 23:54:23.0,
4054,59235,11216,2023-08-11 00:38:33.0,
8575020 Centimark ,92662,15639,2023-08-11 05:02:08.0,
49347,92756,15368,2023-08-11 06:54:43.0,
49355,92756,15369,2023-08-11 08:16:02.0,
49349,92756,15371,2023-08-11 08:53:17.0,
49354,92756,15131,2023-08-11 10:03:05.0,
49352,92756,15374,2023-08-11 10:36:35.0,
49358,92756,15354,2023-08-11 11:21:52.0,
49361,92756,15244,2023-08-11 12:20:57.0,
49356,92756,15399,2023-08-11 12:29:41.0,
49360,92756,15394,2023-08-11 12:57:33.0,
453786,92667,12139,2023-08-11 15:09:21.0,
J23324,92758,15162,2023-08-11 15:19:55.0,
49363,92756,15457,2023-08-11 15:28:35.0,
8575218 Old Castle ,92662,13468,2023-08-11 15:29:26.0,
49340,92756,15435,2023-08-11 15:34:54.0,
49362,92756,15373,2023-08-11 15:44:43.0,
49341,92756,15397,2023-08-11 16:03:11.0,
49350,92756,15431,2023-08-11 18:37:01.0,
49359,92756,15381,2023-08-11 18:46:33.0,
J24817,92758,15160,2023-08-11 18:54:19.0,
49343,92756,15438,2023-08-11 19:21:32.0,
8575050 Spring Creek ,92662,15678,2023-08-11 19:35:24.0,
49342,92756,15433,2023-08-11 20:17:05.0,
49357,92756,15372,2023-08-11 20:42:40.0,
J24803,92758,15190,2023-08-11 21:12:24.0,
49344,92756,15367,2023-08-11 21:34:46.0,
49353,92756,15440,2023-08-11 22:12:38.0,
49345,92756,15398,2023-08-11 22:36:11.0,
49351,92756,15322,2023-08-11 22:51:14.0,
8218GONCALVES,92759,15462,2023-08-12 19:35:56.0,
471505,92697,10945,2023-08-14 13:29:44.0,
R41620,82,2727,2023-08-14 15:59:42.0,
53715,92756,14564,2023-08-14 16:18:52.0,
J24830,92758,15164,2023-08-14 18:13:33.0,
3059,59235,15711,2023-08-14 18:59:51.0,
240,92673,13867,2023-08-14 19:19:04.0,
8575219 Old Castle ,92662,13449,2023-08-14 20:42:21.0,
91317,92756,14566,2023-08-14 20:48:56.0,
47370,92756,14568,2023-08-14 21:12:22.0,
9135,16215,3252,2023-08-15 16:22:28.0,
49348,92756,15666,2023-08-15 17:34:38.0,
391,92701,13433,2023-08-15 23:49:23.0,
471540,92697,10865,2023-08-16 11:33:49.0,
3060,59235,15744,2023-08-16 14:08:09.0,2023-11-15 22:14:00.0
9136,16215,3069,2023-08-16 14:28:31.0,
8575225 Old Castle ,92662,13929,2023-08-16 15:44:27.0,
3060,59235,5687,2023-08-16 15:45:00.0,
453785,92667,13236,2023-08-16 20:41:24.0,
311,92701,14017,2023-08-16 21:02:52.0,
9124,16215,2681,2023-08-16 21:36:11.0,
4350_!Z82897,98,11351,2023-08-17 12:13:42.0,
5672,5457,15767,2023-08-17 14:00:56.0,
8575224 Old Castle ,92662,13784,2023-08-17 15:51:46.0,
9134,16215,2417,2023-08-17 16:09:03.0,
8575019 Centimark ,92662,12515,2023-08-17 17:11:22.0,
309,92701,14015,2023-08-17 17:57:19.0,
90998,92756,14553,2023-08-17 18:29:22.0,
3061,59235,15775,2023-08-17 19:39:28.0,
5180,92732,13950,2023-08-17 20:36:34.0,
5179,92732,13946,2023-08-17 20:45:12.0,
5664,5457,14443,2023-08-18 12:51:58.0,
9137,16215,3161,2023-08-18 14:54:13.0,
9138,16215,2550,2023-08-18 15:03:55.0,
337,92701,14014,2023-08-18 17:46:38.0,
8575252 NAVM ,92662,13825,2023-08-18 19:05:43.0,
3062,59235,5745,2023-08-18 20:42:09.0,
9139,16215,2586,2023-08-18 20:44:34.0,
MIATA,354,11452,2023-08-18 21:03:33.0,
9141,16215,5152,2023-08-18 21:28:17.0,
8575254 NAVM ,92662,13828,2023-08-19 18:34:57.0,
9142,16215,11419,2023-08-21 14:28:50.0,
9143,16215,4644,2023-08-21 15:03:06.0,
496631,92667,13948,2023-08-21 18:25:37.0,
13658,92756,14608,2023-08-21 20:08:14.0,
249184,92607,14023,2023-08-22 10:42:07.0,
9144,16215,5318,2023-08-22 15:15:39.0,
8575255 NAVM ,92662,13856,2023-08-22 17:35:51.0,
453774,92667,12153,2023-08-22 19:08:15.0,
PROD2308,92698,10645,2023-08-23 08:50:35.0,2023-08-30 13:09:46.0
8575250 NAVM,92662,13932,2023-08-23 13:34:26.0,
9145,16215,11441,2023-08-23 15:07:53.0,
266,92626,13786,2023-08-23 15:38:20.0,
9571942,83,14703,2023-08-23 16:28:44.0,
453792,92667,13234,2023-08-23 17:51:05.0,
9146,16215,11406,2023-08-23 19:59:05.0,
622004,0,15318,2023-08-23 20:34:44.0,
327,92701,14054,2023-08-23 21:29:32.0,
892483,0,14409,2023-08-23 21:51:38.0,
474,92734,13187,2023-08-23 22:34:01.0,
122448,0,14625,2023-08-24 02:04:54.0,
5752,5457,13653,2023-08-24 11:07:51.0,
496630,92667,13962,2023-08-24 12:41:42.0,
8575226 Old Castle ,92662,15993,2023-08-24 13:19:37.0,
8271066,92667,14702,2023-08-24 14:48:28.0,
1461419,92666,14457,2023-08-24 15:15:45.0,
5747,5457,14408,2023-08-24 16:50:52.0,
8575223 Old Castle ,92662,16044,2023-08-24 18:08:10.0,
9148,16215,16042,2023-08-24 19:23:21.0,
5738,5457,14438,2023-08-24 19:47:48.0,
876593,0,14632,2023-08-24 20:48:36.0,
8271067,92667,14730,2023-08-24 22:32:12.0,
2314,92732,13952,2023-08-24 22:40:58.0,
892484,0,14640,2023-08-24 23:12:46.0,
5746,5457,14416,2023-08-25 11:38:56.0,
4060,59235,9151,2023-08-25 16:44:46.0,
8575253 NAVM,92662,16090,2023-08-25 17:30:53.0,
9140,16215,11420,2023-08-25 17:37:16.0,
9571962,83,14683,2023-08-25 17:37:50.0,
2087,92699,11368,2023-08-25 17:54:33.0,
496607,92667,14709,2023-08-25 19:39:00.0,
9149,16215,16141,2023-08-25 20:42:07.0,
TEST,354,10880,2023-08-25 21:11:35.0,
385,92701,14067,2023-08-25 23:08:17.0,
8271068,92667,14455,2023-08-26 01:03:14.0,
9571807,83,12519,2023-08-26 14:17:10.0,
5134,92732,13907,2023-08-27 13:57:28.0,
5340,92652,16037,2023-08-28 14:02:53.0,
5321,92652,15947,2023-08-28 14:24:21.0,
J23347,92758,15167,2023-08-28 15:23:26.0,
9150,16215,12561,2023-08-28 16:46:36.0,
8575214  Rental ,92662,16227,2023-08-28 16:55:10.0,
5673,5457,14552,2023-08-28 17:27:53.0,
J23247,92758,15187,2023-08-28 18:32:45.0,
J23315,92758,15182,2023-08-28 21:47:12.0,
1UIPTVXN,92763,15493,2023-08-28 22:13:33.0,
5681,5457,14546,2023-08-29 11:11:56.0,
249185,92607,14005,2023-08-29 13:16:16.0,
5345,92652,16276,2023-08-29 13:31:35.0,
9147,16215,11425,2023-08-29 13:41:11.0,
5220,92652,16313,2023-08-29 15:44:17.0,
8575227 Rental/Evergreen ,92662,16348,2023-08-29 17:32:03.0,
5312,92652,16353,2023-08-29 18:16:22.0,
5680,5457,14556,2023-08-29 18:45:52.0,
9151,16215,5723,2023-08-29 18:51:31.0,
5682,5457,14558,2023-08-29 19:46:50.0,
9153,16215,12557,2023-08-29 20:16:26.0,
122454,0,14645,2023-08-29 23:38:33.0,
122038,0,7211,2023-08-29 23:46:16.0,
249183,92607,14007,2023-08-30 11:01:17.0,
PROD3008,92698,10645,2023-08-30 13:51:09.0,2023-09-04 09:24:57.0
8575251 NAVM,92662,13455,2023-08-30 14:33:59.0,
4061,59235,12563,2023-08-30 16:36:36.0,
J23306,92758,15196,2023-08-30 17:46:53.0,
8575262 Kilgore,92662,15743,2023-08-30 18:06:15.0,
321721,0,7814,2023-08-30 18:25:36.0,
5269,92652,6297,2023-08-30 18:41:11.0,
122427,0,14642,2023-08-30 19:44:57.0,
9155,16215,11427,2023-08-30 20:54:46.0,
J23828,92758,15166,2023-08-30 21:14:55.0,
892486,0,14641,2023-08-30 21:35:13.0,
9154,16215,11431,2023-08-31 14:32:14.0,
325,92701,14064,2023-08-31 18:28:35.0,
9152,16215,11430,2023-08-31 19:13:23.0,
5739,5457,14406,2023-08-31 20:01:59.0,
5749,5457,14390,2023-08-31 20:54:40.0,
8271063,92667,16524,2023-08-31 21:48:30.0,
496616,92667,15718,2023-09-01 14:03:29.0,
8575228 Rental/Reserve Equip. ,92662,15758,2023-09-01 15:13:10.0,
5667,5457,14407,2023-09-01 19:02:01.0,
496615,92667,14728,2023-09-01 19:36:41.0,
305,92701,14045,2023-09-01 20:01:37.0,
8271064,92667,15724,2023-09-01 21:19:40.0,
8271065,92667,15729,2023-09-02 21:13:20.0,
PROD0409,92698,10645,2023-09-04 09:26:13.0,2023-09-04 10:51:41.0
PROD04092,92698,10645,2023-09-04 10:49:52.0,2023-09-04 14:10:23.0
PROD04082,92698,10645,2023-09-04 14:11:55.0,2023-10-30 13:58:25.0
8575140 Rental ,92662,15756,2023-09-05 13:13:05.0,
4062,59235,11197,2023-09-05 16:45:00.0,
J23343,92758,15203,2023-09-05 17:47:57.0,
8575141 Rental ,92662,15825,2023-09-05 18:01:36.0,
496640,92667,15697,2023-09-05 18:58:10.0,
5748,5457,16654,2023-09-06 12:44:36.0,
9571941,83,12299,2023-09-06 14:24:37.0,
3069,59235,12564,2023-09-06 16:52:37.0,
8575265 Nitrogen ,92662,15749,2023-09-06 18:32:28.0,
496684,92667,15716,2023-09-07 13:48:32.0,
5750,5457,16703,2023-09-07 14:45:20.0,
8575258 AM Spec,92662,15752,2023-09-07 15:30:16.0,
5692,5457,14559,2023-09-07 15:58:25.0,
8271085,92667,14445,2023-09-07 20:00:49.0,
9156,16215,12556,2023-09-07 20:38:57.0,
496580,92667,16732,2023-09-08 14:48:02.0,
5758,5457,14392,2023-09-08 16:11:13.0,
DBG,0,13577,2023-09-08 16:17:41.0,
3070,59235,11200,2023-09-08 18:47:49.0,
8271057,92667,16684,2023-09-08 21:10:29.0,
329,92701,14061,2023-09-08 22:46:35.0,
PROD1109,92698,14125,2023-09-11 09:52:23.0,2023-12-14 11:49:13.0
9157,16215,12558,2023-09-11 15:35:05.0,
5754,5457,16736,2023-09-11 17:37:15.0,
5740,5457,16738,2023-09-11 17:39:50.0,
8575266 Nitrogen ,92662,15824,2023-09-11 18:09:21.0,
J23341,92758,15184,2023-09-12 15:25:19.0,
8575229 Rental ,92662,15820,2023-09-12 17:39:34.0,
39533,0,13995,2023-09-12 17:41:29.0,
9158,16215,12559,2023-09-12 18:54:07.0,
5693,5457,14557,2023-09-13 10:49:20.0,
9159,16215,4327,2023-09-13 14:00:18.0,
8575267 Nitrogen ,92662,15829,2023-09-13 17:37:49.0,
9160,16215,11437,2023-09-13 21:32:33.0,
8271069,92667,15727,2023-09-13 23:04:13.0,
8271070,92667,16971,2023-09-13 23:23:38.0,
5865,5457,16985,2023-09-14 10:57:03.0,
5759,5457,14440,2023-09-14 11:29:20.0,
8575259 Glass Craft ,92662,17000,2023-09-14 16:00:27.0,
3072,59235,11184,2023-09-14 16:15:42.0,
9161,16215,5724,2023-09-14 16:30:18.0,
J23356,92758,15159,2023-09-14 17:43:54.0,
248,92673,13872,2023-09-14 20:27:22.0,
3071,59235,12560,2023-09-14 20:39:39.0,
8575260 Glass Graft ,92662,15838,2023-09-15 13:54:56.0,
9162,16215,11409,2023-09-15 16:36:08.0,
329,35240,14871,2023-09-15 18:01:27.0,
2111,92728,9249,2023-09-15 18:47:43.0,
1491096,92666,9534,2023-09-15 21:22:34.0,
383,92732,14345,2023-09-17 16:06:48.0,
5753,5457,13650,2023-09-18 19:23:10.0,
9164,16215,8717,2023-09-18 19:51:14.0,
496670,92667,15713,2023-09-19 11:36:41.0,
9571968,83,12303,2023-09-19 14:49:06.0,
9165,16215,8657,2023-09-19 15:51:44.0,
5751,5457,12775,2023-09-19 17:22:09.0,
8575208 Rental ,92662,15831,2023-09-19 18:33:03.0,
J23830,92758,15204,2023-09-20 12:06:41.0,
5338,92652,16848,2023-09-20 12:54:03.0,
496625,92667,15700,2023-09-20 15:40:18.0,
8575171 Rental ,92662,17405,2023-09-20 17:49:35.0,
221030,0,15917,2023-09-20 22:10:19.0,
9168,16215,3049,2023-09-21 13:23:22.0,
8575173 Rental ,92662,13456,2023-09-21 17:47:52.0,
1491137,92666,16333,2023-09-21 23:06:58.0,
8575261 Action ,92662,15819,2023-09-22 12:44:57.0,
9571805,83,12301,2023-09-22 14:04:21.0,
9170,16215,2837,2023-09-22 15:21:14.0,
5343,92652,16562,2023-09-22 15:45:18.0,
1491138,92666,16360,2023-09-22 18:05:32.0,
8575256 AM Spec ,92662,16408,2023-09-22 18:39:30.0,
1491139,92666,16335,2023-09-22 20:20:10.0,
1491140,92666,16363,2023-09-22 23:42:46.0,
347,92701,14010,2023-09-22 23:50:44.0,
496669,92667,15714,2023-09-25 16:30:47.0,
8575257 Am Spec ,92662,16440,2023-09-25 17:27:48.0,
5760,5457,12773,2023-09-25 19:58:32.0,
201073,92764,16545,2023-09-26 14:39:08.0,
813624,92664,16205,2023-09-26 14:48:30.0,
201069,92764,16705,2023-09-26 16:11:33.0,
221021,92764,16698,2023-09-26 18:41:56.0,
221042,92764,16126,2023-09-26 18:46:29.0,
221041,92764,16087,2023-09-26 18:52:36.0,
813625,92664,16573,2023-09-26 19:05:32.0,
9571961,83,14732,2023-09-26 19:29:55.0,
496683,92667,14711,2023-09-26 19:59:46.0,
231083,92764,16089,2023-09-26 20:15:32.0,
242,92673,13864,2023-09-26 21:15:11.0,
2750069,92765,12683,2023-09-27 03:39:20.0,
221080,92764,16702,2023-09-27 13:34:00.0,
241032,92764,16583,2023-09-27 13:38:07.0,
8575290 Brannon ,92662,16436,2023-09-27 14:18:57.0,
201099,92764,16576,2023-09-27 14:20:40.0,
201078,92764,16107,2023-09-27 15:09:35.0,
5765,5457,12776,2023-09-27 16:06:37.0,
201018,92764,16109,2023-09-27 16:28:03.0,
221043,92764,16685,2023-09-27 17:57:54.0,
8575215 Rental ,92662,16404,2023-09-28 13:23:52.0,
221039,92764,16561,2023-09-28 14:10:03.0,
267,92626,15106,2023-09-28 14:38:38.0,
265,92626,15120,2023-09-28 14:45:23.0,
J23339,92758,15189,2023-09-28 15:18:58.0,
J23351,92758,15185,2023-09-28 15:29:37.0,
201102,92764,16677,2023-09-28 17:14:41.0,
C475R476,92597,14617,2023-09-28 17:46:41.0,
5510,98,13979,2023-09-28 18:16:46.0,
9571967,83,10593,2023-09-28 19:01:26.0,
231080,92764,16692,2023-09-28 19:55:33.0,
353,92701,14062,2023-09-28 22:42:21.0,
272579,92666,12756,2023-09-28 23:29:46.0,
322532,0,15225,2023-09-29 04:12:55.0,
231081,92764,16577,2023-09-29 13:34:44.0,
496623,92667,14705,2023-09-29 15:17:08.0,
8575174 Rental ,92662,16454,2023-09-29 19:00:06.0,
241001,92764,16696,2023-09-29 19:26:04.0,
812,35239,14817,2023-09-30 00:14:13.0,
201074,92764,16068,2023-09-30 13:59:03.0,
231078,92764,16699,2023-09-30 16:05:26.0,
8575176 Rental ,92662,17688,2023-09-30 16:43:31.0,
135,92686,11324,2023-09-30 16:44:43.0,
201079,92764,16115,2023-09-30 18:44:28.0,
5763,5457,12274,2023-10-02 14:13:28.0,
1461249,92750,14459,2023-10-02 22:39:49.0,
525460,354,17122,2023-10-03 04:59:29.0,
231097,92764,16075,2023-10-03 10:47:12.0,
221015,92764,16586,2023-10-03 14:11:42.0,
231096,92764,16066,2023-10-03 16:27:49.0,
8575177 Rental ,92662,16441,2023-10-03 18:04:16.0,
961,16215,5625,2023-10-03 19:25:16.0,
496680,92667,15717,2023-10-03 20:44:05.0,
2700115,92765,12820,2023-10-04 02:09:43.0,
969,16215,11428,2023-10-04 14:22:58.0,
C471R472,92597,14618,2023-10-04 17:03:19.0,
8575175 Rental ,92662,17793,2023-10-04 17:18:41.0,
973,16215,12579,2023-10-04 18:26:41.0,
5761,5457,16148,2023-10-04 18:56:28.0,
972,16215,12566,2023-10-05 14:10:19.0,
962,16215,17814,2023-10-05 16:43:37.0,
8575291 Brannon ,92662,16453,2023-10-05 17:47:23.0,
2082,92774,14832,2023-10-05 18:48:22.0,
2074,92774,14888,2023-10-05 19:29:08.0,
395,92701,14046,2023-10-05 21:25:03.0,
4046,59235,12581,2023-10-06 14:45:39.0,
8575273 Sapphire,92662,16442,2023-10-06 15:15:42.0,
958,16215,5661,2023-10-06 16:35:21.0,
2207,92775,14873,2023-10-06 17:07:34.0,
2285,92775,14906,2023-10-06 17:37:05.0,
202060,92764,17852,2023-10-06 19:54:23.0,
J23316,92758,15168,2023-10-06 19:55:12.0,
5132,92732,14344,2023-10-07 22:58:37.0,
975,16215,5626,2023-10-09 13:44:20.0,
J23321,92758,15169,2023-10-09 14:13:46.0,
5767,5457,8280,2023-10-09 15:09:46.0,
974,16215,5664,2023-10-09 15:19:56.0,
1491141,92666,16379,2023-10-09 15:39:03.0,
3074,59235,12578,2023-10-09 15:52:20.0,
971,16215,5592,2023-10-09 17:21:44.0,
963,16215,12562,2023-10-09 18:59:37.0,
5405,98,13980,2023-10-09 19:40:30.0,
8575182 Rental ,92662,16472,2023-10-10 12:14:07.0,
9571952,83,10583,2023-10-10 13:15:28.0,
5684,5457,16185,2023-10-10 15:12:13.0,
968,16215,5633,2023-10-10 16:45:56.0,
3063,59235,12583,2023-10-10 18:23:03.0,
5683,5457,16184,2023-10-10 18:56:25.0,
907683,354,16957,2023-10-11 03:03:46.0,
964,16215,5593,2023-10-11 12:05:50.0,
8575179 Rental ,92662,16452,2023-10-11 13:23:28.0,
967,16215,5665,2023-10-11 13:37:40.0,
960,16215,5657,2023-10-11 19:53:33.0,
5768,92650,16151,2023-10-11 20:05:21.0,
166468,92607,16154,2023-10-12 17:57:26.0,
959,16215,12576,2023-10-12 18:10:18.0,
5686,5457,16192,2023-10-12 18:19:34.0,
71216,92756,14595,2023-10-12 18:21:49.0,
433192C,92697,10952,2023-10-13 07:58:11.0,
3064,59235,12573,2023-10-13 11:30:48.0,
8575183 Rental ,92662,16594,2023-10-13 17:05:35.0,
9571969,83,12107,2023-10-13 18:52:32.0,
707,35239,14874,2023-10-13 22:04:18.0,
5465_!UM0902,98,14051,2023-10-14 01:44:21.0,
961,86426,5241,2023-10-15 19:32:12.0,
5766,5457,16187,2023-10-16 12:16:00.0,
473R474,92597,14596,2023-10-16 14:54:23.0,
9163,16215,11421,2023-10-16 16:54:41.0,
5772,92650,16183,2023-10-16 17:08:11.0,
8575178 Rental ,92662,16435,2023-10-16 19:09:14.0,
3065,59235,12571,2023-10-16 19:50:20.0,
166469,92607,16351,2023-10-16 22:11:30.0,
462,92607,16356,2023-10-17 13:34:50.0,
8575205 Rental ,92662,16433,2023-10-17 19:19:02.0,
221085,92764,16563,2023-10-17 19:45:25.0,
9166,16215,9074,2023-10-17 20:57:16.0,
J23323,92758,15201,2023-10-18 12:25:12.0,
5770,5457,16190,2023-10-18 14:44:24.0,
5772,5457,16182,2023-10-18 15:25:00.0,
39475,0,5497,2023-10-18 16:56:16.0,
496596,92667,15439,2023-10-18 17:32:14.0,
9171,16215,3280,2023-10-18 18:03:58.0,
9172,16215,2647,2023-10-19 00:19:33.0,
8271075,92667,17894,2023-10-19 14:36:23.0,
8271076,92667,17715,2023-10-19 16:39:23.0,
8575210 Rental ,92662,16425,2023-10-19 17:34:02.0,
9173,16215,11220,2023-10-19 18:14:59.0,
4047,59235,5474,2023-10-19 18:43:41.0,
4048,59235,12572,2023-10-19 19:31:58.0,
5690,5457,16150,2023-10-20 11:40:12.0,
5764,92650,16258,2023-10-20 14:02:02.0,
4845,98,13982,2023-10-20 14:35:20.0,
9174,16215,3302,2023-10-20 18:39:41.0,
231105,92764,16112,2023-10-21 11:50:52.0,
221034,92764,16568,2023-10-21 13:23:10.0,
241040,92764,16120,2023-10-21 13:25:15.0,
201085,92764,16691,2023-10-21 13:43:13.0,
221030,92764,16093,2023-10-21 15:02:22.0,
221083,92764,16123,2023-10-21 16:07:13.0,
YD81,92764,16690,2023-10-21 16:13:47.0,
453776,92667,13238,2023-10-23 12:55:50.0,
9175,16215,2639,2023-10-23 15:18:20.0,
8575206 Rental ,92662,16409,2023-10-23 17:38:29.0,
453739,92667,9328,2023-10-23 18:42:24.0,
496672,92667,13168,2023-10-23 20:42:15.0,
1461413,92666,14465,2023-10-23 20:45:28.0,
5667_!331082,5457,16189,2023-10-24 12:02:28.0,
8575211  Rental ,92662,16475,2023-10-24 12:57:26.0,
1461415,92666,14461,2023-10-24 14:54:13.0,
9176,16215,3007,2023-10-24 16:17:17.0,
5762,92650,16195,2023-10-24 17:21:45.0,
8575212 Rental ,92662,16432,2023-10-24 18:31:03.0,
241047,92764,16555,2023-10-25 11:58:32.0,
8575207 Rental ,92662,16396,2023-10-25 14:02:09.0,
3078,59235,12577,2023-10-25 14:49:27.0,
5773,5457,16186,2023-10-25 14:58:36.0,
9177,16215,3138,2023-10-25 15:12:11.0,
241045,92764,16119,2023-10-25 16:58:19.0,
8575213 Rental ,92662,16455,2023-10-25 19:08:54.0,
1252,86427,19048,2023-10-25 19:21:40.0,
496671,92667,15701,2023-10-25 20:33:00.0,
1204,86427,19077,2023-10-25 21:20:55.0,
J24808,92758,15205,2023-10-25 21:53:57.0,
221016,92764,16720,2023-10-26 11:13:33.0,
9571940,83,12228,2023-10-26 13:42:18.0,
9178,16215,5378,2023-10-26 13:53:53.0,
4056,59235,12584,2023-10-26 14:57:59.0,
9571877,92667,12234,2023-10-26 18:27:53.0,
1190,86427,6245,2023-10-26 18:51:49.0,
DC0361,92776,17879,2023-10-26 19:09:48.0,
1241,86427,6211,2023-10-26 21:57:43.0,
1244,86427,6236,2023-10-27 05:00:21.0,
433191C,92697,10869,2023-10-27 05:54:09.0,
5774,5457,16179,2023-10-27 11:56:23.0,
9183,16215,3032,2023-10-27 13:24:14.0,
8575180 Rental ,92662,15232,2023-10-27 16:09:48.0,
5694,5457,16180,2023-10-27 18:26:13.0,
495249,83,15814,2023-10-27 19:15:19.0,
1213,86427,19271,2023-10-27 19:35:56.0,
495248,83,15808,2023-10-27 19:44:16.0,
9184,16215,2454,2023-10-27 20:41:21.0,
496685,92667,19273,2023-10-27 20:47:08.0,
241243,92764,16697,2023-10-28 17:52:33.0,
970,16215,4452,2023-10-30 13:27:34.0,
PROD3010,92698,10645,2023-10-30 13:59:42.0,2023-11-20 12:50:13.0
453742,92667,9966,2023-10-30 17:13:14.0,
1167,86427,6241,2023-10-30 21:02:01.0,
5756,5457,16152,2023-10-31 12:49:28.0,
9185,16215,2594,2023-10-31 13:11:30.0,
1284,86427,19506,2023-10-31 13:29:07.0,
4057,59235,12582,2023-10-31 16:43:35.0,
4050,59235,12575,2023-10-31 19:12:07.0,
5783,5457,16158,2023-11-01 13:29:45.0,
1461414,92666,14464,2023-11-01 15:17:01.0,
5695,5457,16149,2023-11-01 15:30:59.0,
496673,92667,15699,2023-11-01 19:20:48.0,
5115,92732,14342,2023-11-01 22:15:01.0,
8271086,92667,15728,2023-11-02 02:19:11.0,
5696,92650,8289,2023-11-02 16:34:05.0,
23014_!UG8659,92719,17677,2023-11-02 18:26:37.0,
1266,86427,6244,2023-11-03 00:25:18.0,
8575282 EMR ,92662,16406,2023-11-03 12:36:45.0,
5757,5457,16188,2023-11-03 14:13:53.0,
5777,5457,16153,2023-11-03 14:19:40.0,
5697,5457,16167,2023-11-03 16:34:07.0,
8575283 EMR,92662,18378,2023-11-03 19:12:36.0,
4058,59235,12574,2023-11-03 19:59:39.0,
221049,92764,16575,2023-11-06 20:38:58.0,
5260,98,5716,2023-11-06 22:36:41.0,
471537C,92697,10872,2023-11-07 01:43:43.0,
2122,92717,14687,2023-11-07 02:04:09.0,
8575303 Mason Road sheet metal ,92662,18382,2023-11-07 12:54:47.0,
400,92778,19563,2023-11-07 16:45:40.0,
453795,92667,15692,2023-11-07 16:59:06.0,
1461438,92666,18384,2023-11-07 17:41:14.0,
328,92778,19573,2023-11-07 19:55:29.0,
416,92778,19576,2023-11-07 20:10:56.0,
398,92778,19562,2023-11-07 21:56:10.0,
1196,86427,6309,2023-11-07 22:07:25.0,
306,92778,19564,2023-11-07 22:22:00.0,
8575249 C.C.Oil ,92662,18381,2023-11-08 13:25:11.0,
623,92781,19546,2023-11-08 13:51:07.0,
453794,92667,15436,2023-11-08 15:26:03.0,
5741,5457,16155,2023-11-08 15:27:43.0,
9186,16215,3136,2023-11-08 16:19:01.0,
5186,92732,16252,2023-11-08 16:25:17.0,
5189,92732,14324,2023-11-08 18:20:38.0,
270,92626,15093,2023-11-08 20:06:16.0,
5274,92652,16848,2023-11-08 20:11:36.0,
5182,92732,14322,2023-11-08 21:52:36.0,
5187,92732,14339,2023-11-08 22:41:04.0,
9187,16215,3248,2023-11-08 23:51:26.0,
9571993,83,16739,2023-11-09 12:14:13.0,
8575272 Sapphire,92662,20424,2023-11-09 15:39:41.0,
9188,16215,3043,2023-11-09 16:03:53.0,
201103,92764,16570,2023-11-09 16:23:30.0,
5708,5457,14547,2023-11-09 19:49:33.0,
5184,92732,14343,2023-11-09 23:26:15.0,
990024VOLTEST_!000393,92743,4789,2023-11-10 08:59:51.0,2023-12-07 06:38:49.0
5780,5457,16163,2023-11-10 12:19:44.0,
8575172 Rental ,92662,18380,2023-11-10 13:23:22.0,
4059,59235,12570,2023-11-10 13:50:38.0,
241203,92764,16553,2023-11-10 15:09:44.0,
9189,16215,2496,2023-11-10 15:42:27.0,
453793,92667,15696,2023-11-10 17:59:43.0,
430,92778,19565,2023-11-10 23:56:43.0,
8575216 Limco ,92662,18545,2023-11-11 14:14:30.0,
5183,92732,16266,2023-11-11 20:28:00.0,
241220,92764,16142,2023-11-13 15:50:45.0,
241205,92764,16073,2023-11-13 16:14:34.0,
9190,16215,2641,2023-11-13 16:47:59.0,
1461439,92666,18386,2023-11-14 13:00:44.0,
8575284 EMR,92662,18536,2023-11-14 16:26:17.0,
264,92778,19575,2023-11-14 16:50:13.0,
9191,16215,3111,2023-11-14 17:05:24.0,
388,92782,18025,2023-11-14 18:28:55.0,
9192,16215,2529,2023-11-14 18:51:33.0,
379,92701,14053,2023-11-14 20:29:34.0,
1174,86427,20500,2023-11-14 21:40:27.0,
320,92778,19578,2023-11-14 22:01:19.0,
402,92782,20506,2023-11-14 22:28:27.0,
373,92782,18801,2023-11-14 22:34:16.0,
386,92778,19568,2023-11-14 23:05:55.0,
410,92782,20507,2023-11-14 23:39:20.0,
1461452,92666,18392,2023-11-15 12:11:35.0,
5709,5457,14550,2023-11-15 15:42:42.0,
404,92782,18442,2023-11-15 16:15:20.0,
376,92782,18411,2023-11-15 16:26:05.0,
241202,92764,16099,2023-11-15 16:30:58.0,
9193,16215,2499,2023-11-15 17:18:17.0,
408,92782,18114,2023-11-15 17:21:38.0,
361,92597,11523,2023-11-15 19:46:34.0,
4420,98,11479,2023-11-15 19:54:31.0,
408,92778,19574,2023-11-15 20:36:44.0,
4465_!FV1406,98,4380,2023-11-15 23:36:50.0,2023-12-11 13:48:59.0
401,92782,18795,2023-11-16 00:52:53.0,
9194,16215,13849,2023-11-16 14:44:18.0,
9195,16215,2385,2023-11-16 15:15:14.0,
1461445,92666,11470,2023-11-16 15:21:29.0,
8575181 Rental ,92662,18376,2023-11-16 15:26:43.0,
9571978,83,14688,2023-11-16 15:51:11.0,
397,92782,18804,2023-11-16 17:13:12.0,
5779,5457,19780,2023-11-16 17:29:08.0,
407,92782,18487,2023-11-16 18:00:38.0,
1461446,92666,10787,2023-11-16 18:39:27.0,
392,92782,18492,2023-11-16 23:03:25.0,
990080VOL,92743,13526,2023-11-17 10:04:40.0,2023-11-20 14:30:24.0
5786,5457,16181,2023-11-17 14:49:16.0,
990080,92743,13526,2023-11-17 14:51:28.0,2023-11-20 14:29:26.0
990080VOLT,92743,13526,2023-11-17 14:51:33.0,2023-12-07 06:37:47.0
8575263 Metalplate,92662,18383,2023-11-17 15:28:13.0,
9198,16215,3053,2023-11-17 15:31:31.0,
201101,92764,16694,2023-11-17 15:48:02.0,
990087VOLTEST,92743,20547,2023-11-17 16:03:51.0,2023-12-07 07:41:14.0
241207,92764,16118,2023-11-17 16:27:46.0,
222008,92764,16704,2023-11-17 16:30:11.0,
9199,16215,5326,2023-11-17 17:43:43.0,
5185,92732,16269,2023-11-17 20:22:02.0,
PROD2011,92698,10645,2023-11-20 12:52:15.0,2023-12-14 11:30:56.0
231108,92764,16679,2023-11-20 13:40:04.0,
5778,5457,19791,2023-11-20 20:39:13.0,
9200,16215,2457,2023-11-20 20:46:54.0,
453777,92667,16358,2023-11-20 21:14:40.0,
231137,92764,16581,2023-11-20 21:16:09.0,
1461448,92666,10800,2023-11-21 12:40:28.0,
221022,92764,16695,2023-11-21 12:46:13.0,
VTPL10,0,13526,2023-11-21 13:07:02.0,
241034,92764,16091,2023-11-21 13:30:57.0,
9131,16215,2522,2023-11-21 15:21:03.0,
3043,59235,11186,2023-11-21 18:21:33.0,
5775,5457,19787,2023-11-22 12:07:26.0,
1461447,92666,20559,2023-11-22 12:10:53.0,
VTPL0,0,13526,2023-11-22 13:11:05.0,
453799,92667,13966,2023-11-22 13:50:03.0,
9167,16215,2433,2023-11-22 14:55:19.0,
5743,5457,19805,2023-11-22 15:04:52.0,
4065,59235,8738,2023-11-22 17:44:16.0,
4063,59235,8722,2023-11-22 17:53:53.0,
1461444,92666,20273,2023-11-22 19:32:08.0,
YD64,92764,16108,2023-11-22 20:13:54.0,
3073,59235,8741,2023-11-22 20:43:32.0,
9169,16215,2739,2023-11-22 20:59:52.0,
1206,86427,6295,2023-11-23 21:25:43.0,
1243,86427,6225,2023-11-23 21:31:01.0,
VOLGW,92743,13526,2023-11-24 11:10:31.0,
4064,59235,8733,2023-11-24 13:29:59.0,
3075,59235,8727,2023-11-24 14:04:19.0,
5188,92732,16267,2023-11-24 20:05:17.0,
9179,16215,11196,2023-11-24 20:56:37.0,
4465_!FV1407,98,12410,2023-11-25 15:37:05.0,2024-02-01 14:15:05.0
4465,98,11482,2023-11-25 16:49:01.0,
8575311 Triple S,92662,18535,2023-11-25 19:07:26.0,
990080TEST,92743,13526,2023-11-27 10:13:50.0,2023-11-29 09:31:40.0
3076,59235,8720,2023-11-27 15:07:17.0,
9180,16215,3048,2023-11-27 16:26:34.0,
1202,86427,20561,2023-11-27 22:09:40.0,
1461418,92666,20566,2023-11-28 01:14:45.0,
VOLGW,0,13526,2023-11-28 09:38:29.0,
5707,5457,19809,2023-11-28 13:23:19.0,
9181,16215,2652,2023-11-28 15:14:00.0,
5744,5457,19793,2023-11-28 15:51:23.0,
8575184 Rental,92662,16439,2023-11-28 16:01:30.0,
11985,92784,19922,2023-11-28 17:24:17.0,
361,92701,14041,2023-11-28 18:12:03.0,
406,92782,18263,2023-11-28 20:09:25.0,
CYC_APOLLO_TEST,354,11343,2023-11-28 21:41:17.0,
11731,92784,19957,2023-11-28 22:15:52.0,
11757,92784,18646,2023-11-28 23:17:11.0,
4925,98,12410,2023-11-29 03:48:41.0,2024-02-01 14:18:04.0
5769,5457,19803,2023-11-29 10:42:29.0,
4066,59235,8718,2023-11-29 12:14:24.0,
5704,5457,19783,2023-11-29 13:52:21.0,
8575185 Rental ,92662,11859,2023-11-29 14:14:18.0,
471,92607,16352,2023-11-29 14:51:51.0,
9182,16215,3180,2023-11-29 15:15:28.0,
1161,86427,20571,2023-11-29 15:24:34.0,
11983,92784,19934,2023-11-29 17:13:26.0,
272575,92666,12757,2023-11-29 17:29:09.0,
8575186 Rental,92662,20594,2023-11-29 20:05:00.0,
382,92782,18830,2023-11-29 20:30:56.0,
990080TYPE0,92743,13526,2023-11-30 12:47:29.0,2023-12-07 06:38:05.0
453783,92667,12080,2023-11-30 14:40:38.0,
16344,92784,18630,2023-11-30 15:20:37.0,
4067,59235,8716,2023-11-30 17:54:10.0,
VTPL35,92743,13526,2023-11-30 18:57:44.0,
377,92782,18807,2023-11-30 22:04:56.0,
380,92782,18793,2023-12-01 00:48:13.0,
395,92782,18803,2023-12-01 02:09:38.0,
5776,5457,19798,2023-12-01 11:55:58.0,
1461434,92666,20204,2023-12-01 13:27:13.0,
990080TYPE34,92743,13526,2023-12-01 13:33:56.0,2023-12-15 09:07:13.0
577358,92790,11433,2023-12-01 14:34:32.0,
5705,5457,19743,2023-12-01 16:19:11.0,
9571994,83,20600,2023-12-01 16:32:44.0,
403,92782,18485,2023-12-01 16:42:14.0,
9571804,83,20619,2023-12-01 17:18:12.0,
272648,92666,20634,2023-12-01 17:29:48.0,
4068,59235,8719,2023-12-01 17:30:37.0,
409,92782,18797,2023-12-01 18:01:26.0,
2310x,92732,13951,2023-12-01 18:07:22.0,2023-12-06 05:03:50.0
1491131,92666,16456,2023-12-01 21:31:14.0,
272647,92666,20650,2023-12-02 01:37:35.0,
990051VOLT,92743,4344,2023-12-02 06:38:01.0,2023-12-07 07:41:26.0
CYC_WITH_APOLLO_ANKUR,354,19198,2023-12-03 05:35:55.0,
030947,92743,5807,2023-12-04 12:43:54.0,
453764,92667,13239,2023-12-04 14:13:34.0,
5792,5457,19847,2023-12-04 19:35:27.0,
1461435,92666,20660,2023-12-05 00:36:06.0,
030947VOLTEST_!004255,92743,5807,2023-12-05 10:18:46.0,
5742,5457,19768,2023-12-05 11:52:32.0,
3080,59235,8715,2023-12-05 15:01:52.0,
